Timestamp,Sender_ID,Sender_Account,Receiver_ID,Receiver_Account,Amount,Currency,Amount_USD,Currency_USD,Payment_Type
2022/08/13 13:09,0111632,8062C56E0,008456,81363F620,5602.59,US Dollar,5602.59,US Dollar,ACH
2022/08/15 07:40,0118693,823D5EB90,013729,801CF2E60,1400.54,US Dollar,1400.54,US Dollar,ACH
2022/08/15 14:19,013729,801CF2E60,0123621,81A7090F0,1467.94,US Dollar,1467.94,US Dollar,ACH
2022/08/13 12:40,0024750,81363F410,0213834,808757B00,16898.29,US Dollar,16898.29,US Dollar,ACH
2022/08/22 06:34,0213834,808757B00,000,800073EF0,17607.19,US Dollar,17607.19,US Dollar,ACH
2022/08/01 00:19,0134266,814167590,0036925,810E343A0,132713.46,Yuan,132713.46,Yuan,ACH
2022/08/01 13:05,0036925,810E343A0,0119211,814AB4F60,18264.20,US Dollar,18264.20,US Dollar,ACH
2022/08/03 13:28,0119211,814AB4F60,0132965,81B88A230,14567.69,Euro,14567.69,Euro,ACH
2022/08/09 02:32,0132965,81B88A230,0137089,810C71940,114329.26,Yuan,114329.26,Yuan,ACH
2022/08/11 07:16,0137089,810C71940,0216618,81D5302D0,14567.69,Euro,14567.69,Euro,ACH
2022/08/13 05:09,0216618,81D5302D0,0024083,81836B520,13629.75,Euro,13629.75,Euro,ACH
2022/08/15 18:04,0024083,81836B520,0038110,81B868730,97481.96,Yuan,97481.96,Yuan,ACH
2022/08/20 08:57,0038110,81B868730,0225015,81C6EA460,14054.71,US Dollar,14054.71,US Dollar,ACH
2022/08/22 12:08,0225015,81C6EA460,018112,8045CC910,13718.22,US Dollar,13718.22,US Dollar,ACH
2022/08/22 19:53,018112,8045CC910,007818,8037732C0,12908.33,US Dollar,12908.33,US Dollar,ACH
2022/08/27 07:10,007818,8037732C0,0121523,80D1BD2F0,10636.75,Euro,10636.75,Euro,ACH
2022/08/30 11:54,0121523,80D1BD2F0,0134266,814167590,1378736.88,Yen,1378736.88,Yen,ACH
2022/08/01 00:08,026,81A4B0100,0266946,81A4AFE20,687348.59,Ruble,687348.59,Ruble,ACH
2022/08/03 05:11,029,81A4AF9E0,0266946,81A4AFE20,62261.59,Ruble,62261.59,Ruble,ACH
2022/08/05 17:35,0072043,81A4AFC30,0266946,81A4AFE20,1482913.27,Ruble,1482913.27,Ruble,ACH
2022/08/09 02:58,0173481,81C5B3690,0266946,81A4AFE20,761319.02,Ruble,761319.02,Ruble,ACH
2022/08/10 16:00,0275027,81C5B34A0,0266946,81A4AFE20,1253811.74,Ruble,1253811.74,Ruble,ACH
2022/08/13 09:37,0266915,81C3CD2E0,0266946,81A4AFE20,450873.43,Ruble,450873.43,Ruble,ACH
2022/08/19 17:43,0266946,81A2D04C0,0266946,81A4AFE20,675961603689.89,Ruble,675961603689.89,Ruble,ACH
2022/08/30 03:09,026,81C5B2870,0266946,81A4AFE20,1306642.42,Ruble,1306642.42,Ruble,ACH
2022/09/04 12:09,0072043,81A4AFE70,0266946,81A4AFE20,1409305.96,Ruble,1409305.96,Ruble,ACH
2022/08/01 00:08,024583,8061C1E10,0057138,81B11B9C0,90469674.17,US Dollar,90469674.17,US Dollar,ACH
2022/08/02 15:10,0057138,81B11B9C0,0018500,8096A9720,90469674.17,US Dollar,90469674.17,US Dollar,ACH
2022/08/19 12:06,0018500,8096A9720,0122120,80C6A8560,77206819.93,Euro,77206819.93,Euro,ACH
2022/08/23 10:05,0122120,80C6A8560,026967,802F695A0,90469674.17,US Dollar,90469674.17,US Dollar,ACH
2022/08/25 11:21,026967,802F695A0,024583,8061C1E10,90469674.17,US Dollar,90469674.17,US Dollar,ACH
2022/08/01 00:10,0125344,810E70660,0214872,80651B5B0,11226.65,Euro,11226.65,Euro,ACH
2022/08/01 09:21,0131458,80DCE6DB0,0214872,80651B5B0,11440.73,Euro,11440.73,Euro,ACH
2022/08/06 01:57,0212859,808ED0920,0214872,80651B5B0,2317.16,Euro,2317.16,Euro,ACH
2022/08/20 07:19,0277109,81D3BE660,0214872,80651B5B0,2710.20,Euro,2710.20,Euro,ACH
2022/08/20 16:11,0026682,80C354EE0,0214872,80651B5B0,2937.53,Euro,2937.53,Euro,ACH
2022/08/29 16:22,0220538,81C92D9B0,0214872,80651B5B0,333.95,Euro,333.95,Euro,ACH
2022/09/02 07:22,01924,8005613C0,0214872,80651B5B0,10461.73,Euro,10461.73,Euro,ACH
2022/09/03 10:20,0123117,812199E60,0214872,80651B5B0,5591.22,Euro,5591.22,Euro,ACH
2022/09/03 14:58,0214872,80651B5B0,012582,805373C30,5857.92,US Dollar,5857.92,US Dollar,ACH
2022/09/05 05:20,0214872,80651B5B0,0131185,80D581110,14730.63,US Dollar,14730.63,US Dollar,ACH
2022/09/05 15:33,0214872,80651B5B0,0024750,80DC08D20,18933.28,US Dollar,18933.28,US Dollar,ACH
2022/09/08 15:14,0214872,80651B5B0,0252970,818D63A40,6778.88,US Dollar,6778.88,US Dollar,ACH
2022/09/12 11:49,0214872,80651B5B0,0018184,806B65040,30447.07,Yuan,30447.07,Yuan,ACH
2022/09/15 14:13,0214872,80651B5B0,0042957,8122A7750,4249.59,US Dollar,4249.59,US Dollar,ACH
2022/09/18 01:51,0214872,80651B5B0,0014639,809185370,12214.79,Euro,12214.79,Euro,ACH
2022/09/19 16:40,0214872,80651B5B0,024528,818E4EBA0,9197.51,US Dollar,9197.51,US Dollar,ACH
2022/09/21 13:43,0214872,80651B5B0,0295119,822CE0270,5848.39,Canadian Dollar,5848.39,Canadian Dollar,ACH
2022/09/21 16:16,0214872,80651B5B0,024833,80748D450,10850.86,US Dollar,10850.86,US Dollar,ACH
2022/09/23 05:15,0214872,80651B5B0,0110200,8153501B0,12599.13,US Dollar,12599.13,US Dollar,ACH
2022/09/26 15:04,0214872,80651B5B0,0249712,8133BA3C0,16726.13,Euro,16726.13,Euro,ACH
2022/10/03 16:39,0214872,80651B5B0,0023608,813567280,15612.36,US Dollar,15612.36,US Dollar,ACH
2022/10/04 03:14,0214872,80651B5B0,0235362,80DBE1E40,1818051.94,Euro,1818051.94,Euro,ACH
2022/10/06 18:35,0214872,80651B5B0,025222,80B90D210,7781.41,US Dollar,7781.41,US Dollar,ACH
2022/10/06 22:33,0214872,80651B5B0,0015027,811386CF0,12565.89,US Dollar,12565.89,US Dollar,ACH
2022/08/13 19:51,01213,80084C830,00519,800A985D0,15206.94,Euro,15206.94,Euro,ACH
2022/08/17 18:16,01553,800BB9C30,01347,80074BD60,2266.59,Euro,2266.59,Euro,ACH
2022/08/08 14:40,02776,800D01610,00718,800496D30,13525.85,US Dollar,13525.85,US Dollar,ACH
2022/08/18 00:08,00357,8002FBC20,011054,800C1C130,13065.12,Euro,13065.12,Euro,ACH
2022/08/01 06:11,02310,800279EA0,01213,800509260,8707.67,Euro,8707.67,Euro,ACH
2022/08/11 18:06,01553,80085E8B0,011081,8007E1A10,17618.21,US Dollar,17618.21,US Dollar,ACH
2022/08/02 19:32,00867,80062BE20,021,8006A5050,118150.60,Yuan,118150.60,Yuan,ACH
2022/08/08 12:47,001148,80074D820,021617,800DF8C10,5117406.94,Euro,5117406.94,Euro,ACH
2022/08/01 00:44,0251958,81317DE50,0055690,814D07C80,1418289.25,Yen,1418289.25,Yen,ACH
2022/08/30 09:42,0055690,814D07C80,0118693,807400F80,14188.02,US Dollar,14188.02,US Dollar,ACH
2022/08/23 02:34,0118693,807400F80,002396,8116D7BA0,13126.68,Euro,13126.68,Euro,ACH
2022/08/04 16:43,002396,8116D7BA0,0112979,808597000,13052.46,Euro,13052.46,Euro,ACH
2022/08/29 14:47,0112979,808597000,018781,803AEDEB0,12221.46,Euro,12221.46,Euro,ACH
2022/08/20 20:08,018781,803AEDEB0,02464,80796D2B0,12631.04,Euro,12631.04,Euro,ACH
2022/08/13 20:00,02464,80796D2B0,0123000,80D88D680,11764.25,Euro,11764.25,Euro,ACH
2022/08/29 07:57,0123000,80D88D680,0251958,81317DE50,1452954.80,Yen,1452954.80,Yen,ACH
2022/08/01 00:39,0272142,81C387B50,0074621,81C387820,774265.27,Ruble,774265.27,Ruble,ACH
2022/08/01 19:19,0272142,81ACBE4A0,0074621,81C387820,1182157.97,Ruble,1182157.97,Ruble,ACH
2022/08/14 21:34,0293977,8232A24D0,0295764,823DD25D0,2601.74,UK Pound,2601.74,UK Pound,ACH
2022/09/09 17:03,0295764,823DD25D0,0293977,8232A24D0,2585.21,UK Pound,2585.21,UK Pound,ACH
2022/08/04 15:34,0095274,823DD2B80,0297435,823DD2F90,13289.99,UK Pound,13289.99,UK Pound,ACH
2022/08/13 14:41,0297435,823DD2F90,0097075,823DD2390,13289.99,UK Pound,13289.99,UK Pound,ACH
2022/08/01 00:52,018824,8057DE230,0224668,80EF3EEE0,16264.08,Yuan,16264.08,Yuan,ACH
2022/08/05 13:10,018824,8057DE230,02310,802850070,5749.51,US Dollar,5749.51,US Dollar,ACH
2022/08/14 09:20,018824,8057DE230,011054,80128D900,21157441.34,Euro,21157441.34,Euro,ACH
2022/08/16 04:08,018824,8057DE230,0115290,815EEA7F0,1819.85,US Dollar,1819.85,US Dollar,ACH
2022/08/20 02:02,018824,8057DE230,0216924,808C676A0,10269.15,Euro,10269.15,Euro,ACH
2022/08/22 00:12,018824,8057DE230,000,8006699C0,14276.13,US Dollar,14276.13,US Dollar,ACH
2022/08/22 19:36,018824,8057DE230,025644,8116C4770,10813.94,US Dollar,10813.94,US Dollar,ACH
2022/08/01 00:36,0118247,80C104C20,0253246,81432DBB0,1046209.10,Yen,1046209.10,Yen,ACH
2022/08/04 05:24,0118247,80C104C20,004292,801DBAF30,3952.48,US Dollar,3952.48,US Dollar,ACH
2022/08/06 13:46,0118247,80C104C20,015123,80EC7B200,164.86,US Dollar,164.86,US Dollar,ACH
2022/08/06 14:35,0118247,80C104C20,0254463,817800D20,12331.85,US Dollar,12331.85,US Dollar,ACH
2022/08/17 01:40,0118247,80C104C20,007098,80B1C0D70,3035.62,US Dollar,3035.62,US Dollar,ACH
2022/08/18 14:03,0118247,80C104C20,0137768,814150AF0,1917130.14,Yen,1917130.14,Yen,ACH
2022/08/21 09:47,0118247,80C104C20,0217017,812701AA0,752.45,Euro,752.45,Euro,ACH
2022/08/23 17:31,0118247,80C104C20,01938,80BB2E7E0,3873.59,Euro,3873.59,Euro,ACH
2022/08/28 14:53,0118247,80C104C20,0250895,81350C280,1766550.35,Yen,1766550.35,Yen,ACH
2022/08/29 22:18,0118247,80C104C20,0253012,8144D9D00,1535882.97,Yen,1535882.97,Yen,ACH
2022/09/01 12:22,0118247,80C104C20,022257,80490F5C0,6945.47,Euro,6945.47,Euro,ACH
2022/09/01 21:35,0118247,80C104C20,0040713,80FB96210,131119.84,Yuan,131119.84,Yuan,ACH
2022/08/01 01:50,020,8001401D0,0113,8000DBA70,879.77,Brazil Real,879.77,Brazil Real,ACH
2022/08/05 15:07,020,8001401D0,012,80010D750,4968.99,Euro,4968.99,Euro,ACH
2022/08/10 09:05,020,8001401D0,012,80007D060,7855.14,Euro,7855.14,Euro,ACH
2022/08/17 09:06,020,8001401D0,011,80011A420,12292.30,US Dollar,12292.30,US Dollar,ACH
2022/08/19 17:19,020,8001401D0,001,8000788D0,6444.84,Euro,6444.84,Euro,ACH
2022/08/24 11:44,020,8001401D0,003,800108800,14110.93,Euro,14110.93,Euro,ACH
2022/08/25 00:23,020,8001401D0,014,80010A2E0,2450.05,Euro,2450.05,Euro,ACH
2022/08/25 12:05,020,8001401D0,012,80014CF20,7912.09,Euro,7912.09,Euro,ACH
2022/08/29 18:34,020,8001401D0,000,80006DFE0,14557.46,US Dollar,14557.46,US Dollar,ACH
2022/08/31 10:03,020,8001401D0,014,800109A40,15343.27,Euro,15343.27,Euro,ACH
2022/09/02 06:16,020,8001401D0,000,800071D00,16883.31,US Dollar,16883.31,US Dollar,ACH
2022/09/02 09:41,020,8001401D0,00214,80011D160,7003.99,US Dollar,7003.99,US Dollar,ACH
2022/09/03 16:41,020,8001401D0,020,80006E700,8963.29,US Dollar,8963.29,US Dollar,ACH
2022/09/04 13:40,020,8001401D0,00140879,8521FBDF0,439.59,Euro,439.59,Euro,ACH
2022/09/04 14:56,020,8001401D0,001,8000807D0,157166738.29,Euro,157166738.29,Euro,ACH
2022/08/01 01:48,0159430,818B88960,0116505,807142E30,9036.48,Euro,9036.48,Euro,ACH
2022/08/07 10:33,0159430,818B88960,0067329,818F46720,189584.09,Rupee,189584.09,Rupee,ACH
2022/08/07 11:12,0159430,818B88960,02310,800232440,15762.41,US Dollar,15762.41,US Dollar,ACH
2022/08/10 16:45,0159430,818B88960,0033356,81DF6B430,18543.03,US Dollar,18543.03,US Dollar,ACH
2022/08/12 09:43,0159430,818B88960,013119,802C49300,5912.29,Euro,5912.29,Euro,ACH
2022/08/13 18:03,0159430,818B88960,011520,8010F5C60,7066.83,Euro,7066.83,Euro,ACH
2022/08/17 09:32,0159430,818B88960,0012284,804852DC0,8138.48,Euro,8138.48,Euro,ACH
2022/08/18 14:26,0159430,818B88960,0123621,81A422AD0,12374.81,US Dollar,12374.81,US Dollar,ACH
2022/08/18 17:34,0159430,818B88960,0216360,80D07FA90,20687.36,Yuan,20687.36,Yuan,ACH
2022/08/21 21:18,0159430,818B88960,0164507,818152DA0,38898823.28,Rupee,38898823.28,Rupee,ACH
2022/08/23 05:47,0159430,818B88960,0131244,817B54FB0,19209.13,US Dollar,19209.13,US Dollar,ACH
2022/08/23 10:48,0159430,818B88960,0061883,81874E7A0,8071.99,US Dollar,8071.99,US Dollar,ACH
2022/08/26 09:49,0159430,818B88960,0081243,81C729CA0,382370.73,Ruble,382370.73,Ruble,ACH
2022/08/30 19:54,0159430,818B88960,0165957,818D04EA0,93754.23,Rupee,93754.23,Rupee,ACH
2022/09/02 04:07,0159430,818B88960,0072043,81A79AD60,1128827.66,Ruble,1128827.66,Ruble,ACH
2022/09/03 20:04,0159430,818B88960,016811,80566C5E0,18131.70,US Dollar,18131.70,US Dollar,ACH
2022/08/03 14:23,01818,801E02DA0,001148,805E821E0,16821.65,Euro,16821.65,Euro,ACH
2022/08/03 16:53,001148,805E821E0,007611,808ADDA60,16749.50,Euro,16749.50,Euro,ACH
2022/08/17 08:35,0010836,8221487B0,0272142,81DA25260,406708.25,Ruble,406708.25,Ruble,ACH
2022/09/08 07:36,0272142,81DA25260,024527,804CACF60,4550.88,Euro,4550.88,Euro,ACH
2022/08/07 08:13,024082,81C7F00B0,02408,800318D50,13340.77,Euro,13340.77,Euro,ACH
2022/08/15 19:06,02408,800318D50,00867,804118910,16497.48,US Dollar,16497.48,US Dollar,ACH
2022/08/01 13:51,0164892,8194784C0,001046,800C93010,5361.12,US Dollar,5361.12,US Dollar,ACH
2022/08/20 14:29,001046,800C93010,0019795,808F8F9C0,35906.65,Yuan,35906.65,Yuan,ACH
2022/08/09 13:12,0089616,8216F7A50,0146309,82176EF50,53724.74,Yuan,53724.74,Yuan,ACH
2022/09/03 05:06,0146309,82176EF50,021617,808AE6470,6915.05,Euro,6915.05,Euro,ACH
2022/08/09 06:19,0018857,80A3366C0,005784,80809CBC0,10308.59,Euro,10308.59,Euro,ACH
2022/08/18 11:04,005784,80809CBC0,021794,80A71BC70,10410.47,Euro,10410.47,Euro,ACH
2022/08/14 13:19,0064485,81AB11270,015019,8139C4550,17267.81,US Dollar,17267.81,US Dollar,ACH
2022/08/30 09:24,015019,8139C4550,0021847,81C894230,15279.86,Euro,15279.86,Euro,ACH
2022/08/02 03:57,0220845,80CE56F20,022602,8021B5C70,14280.57,Euro,14280.57,Euro,ACH
2022/08/27 12:06,022602,8021B5C70,0225435,81AB9BE40,14280.57,Euro,14280.57,Euro,ACH
2022/08/05 13:09,0263789,81A46AD50,0035610,80F39FAC0,87676.46,Yuan,87676.46,Yuan,ACH
2022/08/28 07:00,0035610,80F39FAC0,002416,801343540,11583.54,Euro,11583.54,Euro,ACH
2022/08/09 16:52,0252069,814372A60,0076716,820267690,7239.47,US Dollar,7239.47,US Dollar,ACH
2022/08/24 18:21,0076716,820267690,0013104,80D524A50,47487.41,Yuan,47487.41,Yuan,ACH
2022/08/16 05:38,0034562,823C61990,0230520,823BFE850,17332.10,US Dollar,17332.10,US Dollar,ACH
2022/08/28 23:20,0230520,823BFE850,0034562,823C61990,17129.28,US Dollar,17129.28,US Dollar,ACH
2022/08/01 02:24,001046,8007D8220,015598,803FDA730,2386.14,US Dollar,2386.14,US Dollar,ACH
2022/08/22 19:39,015598,803FDA730,024528,803874490,2011.31,US Dollar,2011.31,US Dollar,ACH
2022/08/01 13:00,001046,8007D8220,00357,8008A8560,3779.46,Euro,3779.46,Euro,ACH
2022/08/23 19:43,00357,8008A8560,024528,803874490,4330.81,US Dollar,4330.81,US Dollar,ACH
2022/08/02 09:43,001046,8007D8220,02408,8010411A0,9347.40,Euro,9347.40,Euro,ACH
2022/08/24 18:43,02408,8010411A0,024528,803874490,10604.04,US Dollar,10604.04,US Dollar,ACH
2022/08/02 17:30,001046,8007D8220,02597,800A4F140,998.31,US Dollar,998.31,US Dollar,ACH
2022/08/25 09:10,02597,800A4F140,024528,803874490,998.31,US Dollar,998.31,US Dollar,ACH
2022/08/06 14:43,001046,8007D8220,02609,80263AFC0,6615.94,Euro,6615.94,Euro,ACH
2022/08/25 16:14,02609,80263AFC0,024528,803874490,9419.44,US Dollar,9419.44,US Dollar,ACH
2022/08/06 18:46,001046,8007D8220,012582,8015C75F0,250.87,US Dollar,250.87,US Dollar,ACH
2022/08/26 09:41,012582,8015C75F0,024528,803874490,227.06,US Dollar,227.06,US Dollar,ACH
2022/08/07 16:25,001046,8007D8220,011,8004C3A90,302.59,Euro,302.59,Euro,ACH
2022/08/26 19:49,011,8004C3A90,024528,803874490,362.23,US Dollar,362.23,US Dollar,ACH
2022/08/10 09:06,001046,8007D8220,016630,803296630,6694.35,Euro,6694.35,Euro,ACH
2022/08/27 15:53,016630,803296630,024528,803874490,7844.32,US Dollar,7844.32,US Dollar,ACH
2022/08/11 05:45,001046,8007D8220,011796,800AF9A80,6960.68,US Dollar,6960.68,US Dollar,ACH
2022/08/27 17:12,011796,800AF9A80,024528,803874490,6960.68,US Dollar,6960.68,US Dollar,ACH
2022/08/12 01:35,001046,8007D8220,001442,80373CEE0,8293.07,Euro,8293.07,Euro,ACH
2022/08/28 01:26,001442,80373CEE0,024528,803874490,9160.27,US Dollar,9160.27,US Dollar,ACH
2022/08/12 11:28,001046,8007D8220,01347,80050BC00,6428.57,Euro,6428.57,Euro,ACH
2022/08/29 16:19,01347,80050BC00,024528,803874490,7532.90,US Dollar,7532.90,US Dollar,ACH
2022/08/14 23:38,001046,8007D8220,011,8019FC850,13652.91,US Dollar,13652.91,US Dollar,ACH
2022/08/30 14:06,011,8019FC850,024528,803874490,11514.52,US Dollar,11514.52,US Dollar,ACH
2022/08/18 11:35,001046,8007D8220,004191,804260420,10191.82,Euro,10191.82,Euro,ACH
2022/08/30 21:17,004191,804260420,024528,803874490,11731.63,US Dollar,11731.63,US Dollar,ACH
2022/08/22 05:39,001046,8007D8220,01938,804336B40,9717.98,Euro,9717.98,Euro,ACH
2022/09/01 06:05,01938,804336B40,024528,803874490,11363.74,US Dollar,11363.74,US Dollar,ACH
2022/08/22 13:45,001046,8007D8220,0010995,80410EE80,10060.39,Euro,10060.39,Euro,ACH
2022/09/01 13:55,0010995,80410EE80,024528,803874490,9694.84,US Dollar,9694.84,US Dollar,ACH
2022/08/01 02:10,0230963,812EEDE00,0158750,81A8EF7F0,63211786.37,US Dollar,63211786.37,US Dollar,ACH
2022/08/14 13:17,0158750,81A8EF7F0,0013146,815501150,63211786.37,US Dollar,63211786.37,US Dollar,ACH
2022/08/01 04:35,0230963,812EEDE00,0146899,81B9A37C0,41680.75,Yuan,41680.75,Yuan,ACH
2022/08/21 05:05,0146899,81B9A37C0,0013146,815501150,6223.24,US Dollar,6223.24,US Dollar,ACH
2022/08/04 08:14,0230963,812EEDE00,008483,81398AAA0,18488.39,US Dollar,18488.39,US Dollar,ACH
2022/08/22 06:09,008483,81398AAA0,0013146,815501150,18488.39,US Dollar,18488.39,US Dollar,ACH
2022/08/09 21:44,0230963,812EEDE00,012,800D62300,103818.53,Yuan,103818.53,Yuan,ACH
2022/08/23 17:50,012,800D62300,0013146,815501150,15500.86,US Dollar,15500.86,US Dollar,ACH
2022/08/11 21:26,0230963,812EEDE00,004744,8061BF610,17768.27,US Dollar,17768.27,US Dollar,ACH
2022/08/24 02:46,004744,8061BF610,0013146,815501150,21122.33,US Dollar,21122.33,US Dollar,ACH
2022/08/12 09:19,0230963,812EEDE00,0118676,80A8FE480,11483.56,US Dollar,11483.56,US Dollar,ACH
2022/08/25 14:55,0118676,80A8FE480,0013146,815501150,11483.56,US Dollar,11483.56,US Dollar,ACH
2022/08/12 10:42,0230963,812EEDE00,025604,80309CD70,18504.54,US Dollar,18504.54,US Dollar,ACH
2022/08/30 12:34,025604,80309CD70,0013146,815501150,20499.05,US Dollar,20499.05,US Dollar,ACH
2022/08/12 17:34,0230963,812EEDE00,025,80CF741D0,86917.96,Yuan,86917.96,Yuan,ACH
2022/09/04 07:16,025,80CF741D0,0013146,815501150,10840.65,US Dollar,10840.65,US Dollar,ACH
2022/08/07 11:07,0086665,824B54DF0,02776,80206AA80,204985.65,US Dollar,204985.65,US Dollar,ACH
2022/08/14 11:53,000,800ED43D0,009340,804682F80,10560.52,US Dollar,10560.52,US Dollar,ACH
2022/08/04 02:51,0096559,82466E3E0,025485,80281E280,5231.17,Euro,5231.17,Euro,ACH
2022/08/22 08:16,025485,80281E280,0010315,8053F3320,5036.93,Euro,5036.93,Euro,ACH
2022/08/16 14:19,0019814,817413510,0075899,821EE6E90,3894.13,US Dollar,3894.13,US Dollar,ACH
2022/08/25 12:34,0075899,821EE6E90,0223529,81766BA00,4108.80,US Dollar,4108.80,US Dollar,ACH
2022/08/07 18:25,0019675,809B22D90,0216970,80FC66CA0,15230.86,US Dollar,15230.86,US Dollar,ACH
2022/08/26 15:24,0216970,80FC66CA0,0235889,80CCA7900,99697.38,Yuan,99697.38,Yuan,ACH
2022/08/05 05:15,0226477,817B10600,0215884,82072B450,1380.48,Euro,1380.48,Euro,ACH
2022/08/09 14:38,0215884,82072B450,018934,815C312B0,1617.63,US Dollar,1617.63,US Dollar,ACH
2022/08/03 12:55,006255,80CD25AC0,0115230,808B51210,13271.77,Euro,13271.77,Euro,ACH
2022/08/03 13:03,0115230,808B51210,0122550,80C819580,13219.29,Euro,13219.29,Euro,ACH
2022/08/09 19:08,0235792,80E44F9D0,0010409,806B29940,514.82,US Dollar,514.82,US Dollar,ACH
2022/08/13 15:39,0010409,806B29940,0127239,81BB0C2E0,439.35,Euro,439.35,Euro,ACH
2022/08/01 02:58,0013676,811EF48C0,019876,808565270,15030.85,Euro,15030.85,Euro,ACH
2022/08/02 17:54,019876,808565270,024168,81FCDD8D0,15030.85,Euro,15030.85,Euro,ACH
2022/08/05 02:24,024168,81FCDD8D0,008917,8036D15E0,17529.17,US Dollar,17529.17,US Dollar,ACH
2022/08/06 15:36,008917,8036D15E0,0256525,81E256DC0,17523.41,US Dollar,17523.41,US Dollar,ACH
2022/08/08 11:46,0256525,81E256DC0,011848,800E49350,16211.36,US Dollar,16211.36,US Dollar,ACH
2022/08/20 11:01,011848,800E49350,009238,80886D550,17278.94,US Dollar,17278.94,US Dollar,ACH
2022/08/25 13:04,009238,80886D550,0139674,80EF8EB70,115727.45,Yuan,115727.45,Yuan,ACH
2022/08/28 16:45,0139674,80EF8EB70,0110859,8042F2240,15740.34,US Dollar,15740.34,US Dollar,ACH
2022/09/02 08:57,0110859,8042F2240,0013676,811EF48C0,15980.75,US Dollar,15980.75,US Dollar,ACH
2022/08/01 14:26,0193643,8237E3A70,027,8237E36B0,1617.77,UK Pound,1617.77,UK Pound,ACH
2022/08/08 17:55,0192597,8228C79B0,0295757,824F0F060,4167.27,UK Pound,4167.27,UK Pound,ACH
2022/08/14 20:00,0295757,824F0F060,0299336,824F0F100,4167.27,UK Pound,4167.27,UK Pound,ACH
2022/08/01 03:49,02597,80171BEE0,001827,800AE9500,12418.08,Euro,12418.08,Euro,ACH
2022/08/10 15:48,02597,80171BEE0,01922,800634EA0,17550.09,US Dollar,17550.09,US Dollar,ACH
2022/08/12 12:25,02597,80171BEE0,01347,8005FFBF0,2186.68,Euro,2186.68,Euro,ACH
2022/08/17 18:33,02597,80171BEE0,012,8009E6700,16352.56,Euro,16352.56,Euro,ACH
2022/08/27 01:08,02597,80171BEE0,01538,8010CE580,1242.84,Euro,1242.84,Euro,ACH
2022/08/28 09:54,02597,80171BEE0,00741,8006C7610,7361.10,US Dollar,7361.10,US Dollar,ACH
2022/08/01 03:52,009340,804682F80,000,800ED43D0,9420.60,US Dollar,9420.60,US Dollar,ACH
2022/08/07 14:54,000,800ED43D0,009340,804682F80,10780.73,US Dollar,10780.73,US Dollar,ACH
2022/08/02 19:45,009340,804682F80,0057107,824BF4150,6843.42,US Dollar,6843.42,US Dollar,ACH
2022/08/19 14:11,0057107,824BF4150,009340,804682F80,5837.98,US Dollar,5837.98,US Dollar,ACH
2022/08/01 03:53,0098593,824DFC940,0279590,824DFC8F0,294.10,US Dollar,294.10,US Dollar,ACH
2022/08/03 15:19,0098593,824DFC940,029630,80C7F2F20,680.95,US Dollar,680.95,US Dollar,ACH
2022/08/27 09:02,0098593,824DFC940,0061191,824DFCB30,420.91,US Dollar,420.91,US Dollar,ACH
2022/08/01 03:31,012,8006E4040,006,80009C410,1233357.52,Rupee,1233357.52,Rupee,ACH
2022/08/16 05:26,012986,8011AF950,006,80009C410,41430.24,Rupee,41430.24,Rupee,ACH
2022/08/01 03:58,0022320,80B3E0760,0116612,80AA2A4D0,7713.03,Euro,7713.03,Euro,ACH
2022/08/03 09:28,025994,80785A890,0116612,80AA2A4D0,7543.62,Euro,7543.62,Euro,ACH
2022/08/14 09:41,0123424,8152D40F0,0116612,80AA2A4D0,2676.34,Euro,2676.34,Euro,ACH
2022/08/15 19:02,0029723,818BEBF80,0116612,80AA2A4D0,13200.58,Euro,13200.58,Euro,ACH
2022/08/17 04:06,0051314,813181E80,0116612,80AA2A4D0,11927.48,Euro,11927.48,Euro,ACH
2022/08/30 15:22,0022271,819A10600,0116612,80AA2A4D0,1320.04,Euro,1320.04,Euro,ACH
2022/09/02 16:14,022728,8204C00C0,0116612,80AA2A4D0,7978.92,Euro,7978.92,Euro,ACH
2022/08/01 03:47,0159692,8167F1AB0,0237666,80E089070,57417.22,Yuan,57417.22,Yuan,ACH
2022/08/02 23:46,0237666,80E089070,004214,813F30CB0,8222.28,US Dollar,8222.28,US Dollar,ACH
2022/08/17 15:19,004214,813F30CB0,017083,819B4E980,6782.97,Euro,6782.97,Euro,ACH
2022/08/06 04:11,0293268,824D40030,0196481,824D40080,10146.62,UK Pound,10146.62,UK Pound,ACH
2022/08/05 13:17,005763,8028BC850,0117305,8077FC180,13869.20,Euro,13869.20,Euro,ACH
2022/08/02 10:03,006,816F777F0,0216388,80D2B6D60,29760.93,Yuan,29760.93,Yuan,ACH
2022/08/07 19:41,02597,802D91850,020,807BC0D30,9835.78,US Dollar,9835.78,US Dollar,ACH
2022/08/17 05:49,00519,801921490,0274634,81DAC3A20,588392.93,Ruble,588392.93,Ruble,ACH
2022/08/01 07:02,0152081,81CB36D60,0214872,80E4962B0,11113.80,Euro,11113.80,Euro,ACH
2022/08/01 19:54,0211052,80FC23320,004252,80DFD7280,102644.70,Yuan,102644.70,Yuan,ACH
2022/08/01 17:46,007098,808C10E30,0032512,816E808F0,8520.22,US Dollar,8520.22,US Dollar,ACH
2022/08/09 06:54,0014821,8108E5430,0094379,822DF74A0,8031.03,UK Pound,8031.03,UK Pound,ACH
2022/08/14 10:43,0226997,80D888290,018024,8149CD770,12125.95,US Dollar,12125.95,US Dollar,ACH
2022/08/02 18:46,000,80056BEF0,004339,81833BD10,2776.61,Euro,2776.61,Euro,ACH
2022/08/01 03:50,02131507,8301A0340,00127022,830462B80,321.78,Australian Dollar,321.78,Australian Dollar,ACH
2022/08/03 16:16,00127022,830462B80,02131507,8301A0340,321.78,Australian Dollar,321.78,Australian Dollar,ACH
2022/08/01 04:24,0125255,830314840,018824,830314890,17929.37,US Dollar,17929.37,US Dollar,ACH
2022/08/01 08:12,018824,830314890,018824,830314890,1853.64,US Dollar,1853.64,US Dollar,ACH
